<annotation verified="no">
  <folder>demo</folder>
  <filename>demo2</filename>
  <path>/Users/haoyou/Codes/labelImg/demo/demo2.png</path>
  <source>
    <database>Unknown</database>
  </source>
  <size>
    <width>555</width>
    <height>312</height>
    <depth>3</depth>
  </size>
  <segmented>0</segmented>
  <object>
    <type>robndbox</type>
    <name>person</name>
    <pose>Unspecified</pose>
    <truncated>0</truncated>
    <difficult>0</difficult>
    <robndbox>
      <cx>256.6015</cx>
      <cy>155.1881</cy>
      <w>77.571</w>
      <h>185.3599</h>
      <angle>3.070897</angle>
    </robndbox>
  </object>
  <object>
    <type>robndbox</type>
    <name>person</name>
    <pose>Unspecified</pose>
    <truncated>0</truncated>
    <difficult>0</difficult>
    <robndbox>
      <cx>322.6694</cx>
      <cy>180.9422</cy>
      <w>45.6029</w>
      <h>126.3188</h>
      <angle>3.052234</angle>
    </robndbox>
  </object>
</annotation>
