<annotation verified="yes">
  <folder>demo</folder>
  <filename>demo3</filename>
  <path>/Users/haoyou/Codes/labelImg/demo/demo3.jpg</path>
  <source>
    <database>Unknown</database>
  </source>
  <size>
    <width>799</width>
    <height>401</height>
    <depth>3</depth>
  </size>
  <segmented>0</segmented>
  <object>
    <type>bndbox</type>
    <name>dog</name>
    <pose>Unspecified</pose>
    <truncated>0</truncated>
    <difficult>0</difficult>
    <bndbox>
      <xmin>354</xmin>
      <ymin>162</ymin>
      <xmax>499</xmax>
      <ymax>269</ymax>
    </bndbox>
  </object>
  <object>
    <type>bndbox</type>
    <name>cat</name>
    <pose>Unspecified</pose>
    <truncated>0</truncated>
    <difficult>0</difficult>
    <bndbox>
      <xmin>160</xmin>
      <ymin>141</ymin>
      <xmax>381</xmax>
      <ymax>258</ymax>
    </bndbox>
  </object>
  <object>
    <type>robndbox</type>
    <name>person</name>
    <pose>Unspecified</pose>
    <truncated>0</truncated>
    <difficult>0</difficult>
    <robndbox>
      <cx>398.245</cx>
      <cy>137.3459</cy>
      <w>48.3577</w>
      <h>226.2906</h>
      <angle>1.134448</angle>
    </robndbox>
  </object>
  <object>
    <type>robndbox</type>
    <name>tv</name>
    <pose>Unspecified</pose>
    <truncated>0</truncated>
    <difficult>0</difficult>
    <robndbox>
      <cx>570.4236</cx>
      <cy>241.9665</cy>
      <w>234.4684</w>
      <h>78.8656</h>
      <angle>3.098264</angle>
    </robndbox>
  </object>
</annotation>
