<annotation verified="no">
  <folder>pixeliinkimg</folder>
  <filename>REC-SAR-20241019-215102_restore-focus1-offset55060-count38912__256__768___1024</filename>
  <path>/home/solid/my_tools/Rolabel&#33050;&#26412;/RoLabelImg_Transform-master/img/REC-SAR-20241019-215102_restore-focus1-offset55060-count38912__256__768___1024.png</path>
  <source>
    <database>Unknown</database>
  </source>
  <size>
    <height>256</height>
    <width>256</width>
    <depth>1</depth>
  </size>
  <segmented>0</segmented>
  <object>
    <type>robndbox</type>
    <name>hms</name>
    <pose>Unspecified</pose>
    <truncated>0</truncated>
    <difficult>0</difficult>
    <robndbox>
      <cx>204.0</cx>
      <cy>142.5</cy>
      <w>16.64331697709324</w>
      <h>34.40930106817051</h>
      <angle>2.5702551737561663</angle>
    </robndbox>
  </object>
</annotation>
