<annotation verified="no">
  <folder>pixeliinkimg</folder>
  <filename>REC-SAR-20241019-215102_restore-focus1-offset161910-count38912__256__1346___1024</filename>
  <path>/home/solid/my_tools/Rolabel&#33050;&#26412;/RoLabelImg_Transform-master/img/REC-SAR-20241019-215102_restore-focus1-offset161910-count38912__256__1346___1024.png</path>
  <source>
    <database>Unknown</database>
  </source>
  <size>
    <height>256</height>
    <width>256</width>
    <depth>1</depth>
  </size>
  <segmented>0</segmented>
  <object>
    <type>robndbox</type>
    <name>hms</name>
    <pose>Unspecified</pose>
    <truncated>0</truncated>
    <difficult>0</difficult>
    <robndbox>
      <cx>10.5</cx>
      <cy>169.5</cy>
      <w>18.027756377319946</w>
      <h>32.449961479175904</h>
      <angle>0.5880026035475675</angle>
    </robndbox>
  </object>
</annotation>
