<annotation verified="no">
  <folder>pixeliinkimg</folder>
  <filename>REC-SAR-20241019-152618-focus1-offset1-count40448__256__1280___1024</filename>
  <path>/home/solid/my_tools/Rolabel&#33050;&#26412;/RoLabelImg_Transform-master/img/REC-SAR-20241019-152618-focus1-offset1-count40448__256__1280___1024.png</path>
  <source>
    <database>Unknown</database>
  </source>
  <size>
    <height>256</height>
    <width>256</width>
    <depth>1</depth>
  </size>
  <segmented>0</segmented>
  <object>
    <type>robndbox</type>
    <name>lt2000</name>
    <pose>Unspecified</pose>
    <truncated>0</truncated>
    <difficult>0</difficult>
    <robndbox>
      <cx>93.5</cx>
      <cy>94.5</cy>
      <w>21.470910553583888</w>
      <h>56.43580423808985</h>
      <angle>0.4957882167146801</angle>
    </robndbox>
  </object>
  <object>
    <type>robndbox</type>
    <name>hms</name>
    <pose>Unspecified</pose>
    <truncated>0</truncated>
    <difficult>0</difficult>
    <robndbox>
      <cx>165.0</cx>
      <cy>71.5</cy>
      <w>22.0</w>
      <h>37.0</h>
      <angle>0.0</angle>
    </robndbox>
  </object>
</annotation>
