<annotation verified="no">
  <folder>pixeliinkimg</folder>
  <filename>REC-SAR-20241019-215102_restore-focus1-offset109810-count37888__256__1024___1024</filename>
  <path>/home/solid/my_tools/Rolabel&#33050;&#26412;/RoLabelImg_Transform-master/img/REC-SAR-20241019-215102_restore-focus1-offset109810-count37888__256__1024___1024.png</path>
  <source>
    <database>Unknown</database>
  </source>
  <size>
    <height>256</height>
    <width>256</width>
    <depth>1</depth>
  </size>
  <segmented>0</segmented>
  <object>
    <type>robndbox</type>
    <name>lt2000</name>
    <pose>Unspecified</pose>
    <truncated>0</truncated>
    <difficult>0</difficult>
    <robndbox>
      <cx>127.5</cx>
      <cy>136.5</cy>
      <w>58.180752831155424</w>
      <h>24.186773244895647</h>
      <angle>0.49801578397078766</angle>
    </robndbox>
  </object>
  <object>
    <type>robndbox</type>
    <name>hms</name>
    <pose>Unspecified</pose>
    <truncated>0</truncated>
    <difficult>0</difficult>
    <robndbox>
      <cx>216.0</cx>
      <cy>179.5</cy>
      <w>38.600518131237564</w>
      <h>18.681541692269406</h>
      <angle>2.8441655128910837</angle>
    </robndbox>
  </object>
  <object>
    <type>robndbox</type>
    <name>hms</name>
    <pose>Unspecified</pose>
    <truncated>0</truncated>
    <difficult>0</difficult>
    <robndbox>
      <cx>102.0</cx>
      <cy>232.0</cy>
      <w>40.0</w>
      <h>18.0</h>
      <angle>0.0</angle>
    </robndbox>
  </object>
</annotation>
