<annotation verified="no">
  <folder>pixeliinkimg</folder>
  <filename>REC-SAR-20241019-152223-focus1-offset1-count40448__256__1536___768</filename>
  <path>/home/solid/my_tools/Rolabel&#33050;&#26412;/RoLabelImg_Transform-master/img/REC-SAR-20241019-152223-focus1-offset1-count40448__256__1536___768.png</path>
  <source>
    <database>Unknown</database>
  </source>
  <size>
    <height>256</height>
    <width>256</width>
    <depth>1</depth>
  </size>
  <segmented>0</segmented>
  <object>
    <type>robndbox</type>
    <name>lt2000</name>
    <pose>Unspecified</pose>
    <truncated>0</truncated>
    <difficult>0</difficult>
    <robndbox>
      <cx>23.0</cx>
      <cy>238.5</cy>
      <w>22.825424421026653</w>
      <h>45.65084884205331</h>
      <angle>0.5028432109278609</angle>
    </robndbox>
  </object>
</annotation>
