<annotation verified="no">
  <folder>pixeliinkimg</folder>
  <filename>REC-SAR-20241019-152421-focus1-offset1-count40448__256__1280___768</filename>
  <path>/home/solid/my_tools/Rolabel&#33050;&#26412;/RoLabelImg_Transform-master/img/REC-SAR-20241019-152421-focus1-offset1-count40448__256__1280___768.png</path>
  <source>
    <database>Unknown</database>
  </source>
  <size>
    <height>256</height>
    <width>256</width>
    <depth>1</depth>
  </size>
  <segmented>0</segmented>
  <object>
    <type>robndbox</type>
    <name>lt2000</name>
    <pose>Unspecified</pose>
    <truncated>0</truncated>
    <difficult>0</difficult>
    <robndbox>
      <cx>117.5</cx>
      <cy>242.5</cy>
      <w>17.804493814764857</w>
      <h>43.41658669218482</h>
      <angle>2.2580940815482866</angle>
    </robndbox>
  </object>
</annotation>
