<annotation verified="no">
  <folder>pixeliinkimg</folder>
  <filename>REC-SAR-20241019-215102_restore-focus1-offset55060-count38912__256__1024___1024</filename>
  <path>/home/solid/my_tools/Rolabel&#33050;&#26412;/RoLabelImg_Transform-master/img/REC-SAR-20241019-215102_restore-focus1-offset55060-count38912__256__1024___1024.png</path>
  <source>
    <database>Unknown</database>
  </source>
  <size>
    <height>256</height>
    <width>256</width>
    <depth>1</depth>
  </size>
  <segmented>0</segmented>
  <object>
    <type>robndbox</type>
    <name>lt2000</name>
    <pose>Unspecified</pose>
    <truncated>0</truncated>
    <difficult>0</difficult>
    <robndbox>
      <cx>34.0</cx>
      <cy>93.0</cy>
      <w>19.6468827043885</w>
      <h>51.24451190127583</h>
      <angle>2.8842689386187046</angle>
    </robndbox>
  </object>
  <object>
    <type>robndbox</type>
    <name>hms</name>
    <pose>Unspecified</pose>
    <truncated>0</truncated>
    <difficult>0</difficult>
    <robndbox>
      <cx>68.0</cx>
      <cy>186.5</cy>
      <w>17.804493814764857</w>
      <h>34.20526275297414</h>
      <angle>2.2367655641740063</angle>
    </robndbox>
  </object>
</annotation>
