<annotation verified="no">
  <folder>pixeliinkimg</folder>
  <filename>REC-SAR-20241019-215102_restore-focus1-offset3070-count37888__256__768___1024</filename>
  <path>/home/solid/my_tools/Rolabel&#33050;&#26412;/RoLabelImg_Transform-master/img/REC-SAR-20241019-215102_restore-focus1-offset3070-count37888__256__768___1024.png</path>
  <source>
    <database>Unknown</database>
  </source>
  <size>
    <height>256</height>
    <width>256</width>
    <depth>1</depth>
  </size>
  <segmented>0</segmented>
  <object>
    <type>robndbox</type>
    <name>lt2000</name>
    <pose>Unspecified</pose>
    <truncated>0</truncated>
    <difficult>0</difficult>
    <robndbox>
      <cx>161.0</cx>
      <cy>108.0</cy>
      <w>16.1245154965971</w>
      <h>48.373546489791295</h>
      <angle>0.5045517202501256</angle>
    </robndbox>
  </object>
  <object>
    <type>robndbox</type>
    <name>hms</name>
    <pose>Unspecified</pose>
    <truncated>0</truncated>
    <difficult>0</difficult>
    <robndbox>
      <cx>65.5</cx>
      <cy>84.5</cy>
      <w>14.035668847618199</w>
      <h>32.38826948140329</h>
      <angle>0.10660225969472711</angle>
    </robndbox>
  </object>
  <object>
    <type>robndbox</type>
    <name>hms</name>
    <pose>Unspecified</pose>
    <truncated>0</truncated>
    <difficult>0</difficult>
    <robndbox>
      <cx>118.5</cx>
      <cy>199.0</cy>
      <w>14.035668847618199</w>
      <h>33.13608305156178</h>
      <angle>3.070285188804503</angle>
    </robndbox>
  </object>
</annotation>
