<annotation verified="no">
  <folder>pixeliinkimg</folder>
  <filename>REC-SAR-20241019-210017-focus1-offset3530-count18432__256__583___1024</filename>
  <path>/home/solid/my_tools/Rolabel&#33050;&#26412;/RoLabelImg_Transform-master/img/REC-SAR-20241019-210017-focus1-offset3530-count18432__256__583___1024.png</path>
  <source>
    <database>Unknown</database>
  </source>
  <size>
    <height>256</height>
    <width>256</width>
    <depth>1</depth>
  </size>
  <segmented>0</segmented>
  <object>
    <type>robndbox</type>
    <name>lt2000</name>
    <pose>Unspecified</pose>
    <truncated>0</truncated>
    <difficult>0</difficult>
    <robndbox>
      <cx>22.5</cx>
      <cy>160.0</cy>
      <w>18.788294228055936</w>
      <h>44.721359549995796</h>
      <angle>0.4398425828157362</angle>
    </robndbox>
  </object>
</annotation>
