<annotation verified="no">
  <folder>pixeliinkimg</folder>
  <filename>REC-SAR-20241019-210017-focus1-offset35150-count18944__256__586___1024</filename>
  <path>/home/solid/my_tools/Rolabel&#33050;&#26412;/RoLabelImg_Transform-master/img/REC-SAR-20241019-210017-focus1-offset35150-count18944__256__586___1024.png</path>
  <source>
    <database>Unknown</database>
  </source>
  <size>
    <height>256</height>
    <width>256</width>
    <depth>1</depth>
  </size>
  <segmented>0</segmented>
  <object>
    <type>robndbox</type>
    <name>lt2000</name>
    <pose>Unspecified</pose>
    <truncated>0</truncated>
    <difficult>0</difficult>
    <robndbox>
      <cx>15.5</cx>
      <cy>146.0</cy>
      <w>18.681541692269406</w>
      <h>44.384682042344295</h>
      <angle>2.8706458032513726</angle>
    </robndbox>
  </object>
  <object>
    <type>robndbox</type>
    <name>hms</name>
    <pose>Unspecified</pose>
    <truncated>0</truncated>
    <difficult>0</difficult>
    <robndbox>
      <cx>49.0</cx>
      <cy>235.0</cy>
      <w>16.401219466856727</w>
      <h>33.421549934136806</h>
      <angle>2.2497726056701683</angle>
    </robndbox>
  </object>
</annotation>
