<annotation verified="no">
  <folder>pixeliinkimg</folder>
  <filename>REC-SAR-20241019-152618-focus1-offset1-count40448__256__1280___768</filename>
  <path>/home/solid/my_tools/Rolabel&#33050;&#26412;/RoLabelImg_Transform-master/img/REC-SAR-20241019-152618-focus1-offset1-count40448__256__1280___768.png</path>
  <source>
    <database>Unknown</database>
  </source>
  <size>
    <height>256</height>
    <width>256</width>
    <depth>1</depth>
  </size>
  <segmented>0</segmented>
  <object>
    <type>robndbox</type>
    <name>hms</name>
    <pose>Unspecified</pose>
    <truncated>0</truncated>
    <difficult>0</difficult>
    <robndbox>
      <cx>123.5</cx>
      <cy>245.0</cy>
      <w>22.02271554554524</w>
      <h>36.87817782917155</h>
      <angle>0.6889243882148613</angle>
    </robndbox>
  </object>
</annotation>
