<annotation verified="no">
  <folder>pixeliinkimg</folder>
  <filename>REC-SAR-20241019-152816-focus1-offset1-count40448__256__1536___1024</filename>
  <path>/home/solid/my_tools/Rolabel&#33050;&#26412;/RoLabelImg_Transform-master/img/REC-SAR-20241019-152816-focus1-offset1-count40448__256__1536___1024.png</path>
  <source>
    <database>Unknown</database>
  </source>
  <size>
    <height>256</height>
    <width>256</width>
    <depth>1</depth>
  </size>
  <segmented>0</segmented>
  <object>
    <type>robndbox</type>
    <name>lt2000</name>
    <pose>Unspecified</pose>
    <truncated>0</truncated>
    <difficult>0</difficult>
    <robndbox>
      <cx>31.5</cx>
      <cy>86.5</cy>
      <w>25.553864678361276</w>
      <h>55.072679252057455</h>
      <angle>2.0873237834545924</angle>
    </robndbox>
  </object>
  <object>
    <type>robndbox</type>
    <name>hms</name>
    <pose>Unspecified</pose>
    <truncated>0</truncated>
    <difficult>0</difficult>
    <robndbox>
      <cx>17.5</cx>
      <cy>19.0</cy>
      <w>37.12142238654117</w>
      <h>19.1049731745428</h>
      <angle>0.0809040991552306</angle>
    </robndbox>
  </object>
</annotation>
