<annotation verified="no">
  <folder>pixeliinkimg</folder>
  <filename>REC-SAR-20241019-215102_restore-focus1-offset161910-count38912__256__1280___1280</filename>
  <path>/home/solid/my_tools/Rolabel&#33050;&#26412;/RoLabelImg_Transform-master/img/REC-SAR-20241019-215102_restore-focus1-offset161910-count38912__256__1280___1280.png</path>
  <source>
    <database>Unknown</database>
  </source>
  <size>
    <height>256</height>
    <width>256</width>
    <depth>1</depth>
  </size>
  <segmented>0</segmented>
  <object>
    <type>robndbox</type>
    <name>hms</name>
    <pose>Unspecified</pose>
    <truncated>0</truncated>
    <difficult>0</difficult>
    <robndbox>
      <cx>33.5</cx>
      <cy>33.0</cy>
      <w>16.401219466856727</w>
      <h>34.20526275297414</h>
      <angle>0.9099638949845736</angle>
    </robndbox>
  </object>
</annotation>
