<annotation verified="no">
  <folder>pixeliinkimg</folder>
  <filename>REC-SAR-20241019-152816-focus1-offset1-count40448__256__1280___1024</filename>
  <path>/home/solid/my_tools/Rolabel&#33050;&#26412;/RoLabelImg_Transform-master/img/REC-SAR-20241019-152816-focus1-offset1-count40448__256__1280___1024.png</path>
  <source>
    <database>Unknown</database>
  </source>
  <size>
    <height>256</height>
    <width>256</width>
    <depth>1</depth>
  </size>
  <segmented>0</segmented>
  <object>
    <type>robndbox</type>
    <name>hms</name>
    <pose>Unspecified</pose>
    <truncated>0</truncated>
    <difficult>0</difficult>
    <robndbox>
      <cx>184.5</cx>
      <cy>55.0</cy>
      <w>38.18376618407357</w>
      <h>19.1049731745428</h>
      <angle>0.7853981633974483</angle>
    </robndbox>
  </object>
</annotation>
