<annotation verified="no">
  <folder>pixeliinkimg</folder>
  <filename>REC-SAR-20241019-165943-focus3-offset1-count40448__256__1280___0</filename>
  <path>/home/solid/my_tools/Rolabel&#33050;&#26412;/RoLabelImg_Transform-master/img/REC-SAR-20241019-165943-focus3-offset1-count40448__256__1280___0.png</path>
  <source>
    <database>Unknown</database>
  </source>
  <size>
    <height>256</height>
    <width>256</width>
    <depth>1</depth>
  </size>
  <segmented>0</segmented>
  <object>
    <type>robndbox</type>
    <name>hms</name>
    <pose>Unspecified</pose>
    <truncated>0</truncated>
    <difficult>0</difficult>
    <robndbox>
      <cx>165.5</cx>
      <cy>115.0</cy>
      <w>43.0</w>
      <h>18.0</h>
      <angle>0.0</angle>
    </robndbox>
  </object>
</annotation>
