<annotation verified="no">
  <folder>pixeliinkimg</folder>
  <filename>REC-SAR-20241019-215102_restore-focus1-offset374930-count37888__256__1024___1024</filename>
  <path>/home/solid/my_tools/Rolabel&#33050;&#26412;/RoLabelImg_Transform-master/img/REC-SAR-20241019-215102_restore-focus1-offset374930-count37888__256__1024___1024.png</path>
  <source>
    <database>Unknown</database>
  </source>
  <size>
    <height>256</height>
    <width>256</width>
    <depth>1</depth>
  </size>
  <segmented>0</segmented>
  <object>
    <type>robndbox</type>
    <name>hms</name>
    <pose>Unspecified</pose>
    <truncated>0</truncated>
    <difficult>0</difficult>
    <robndbox>
      <cx>18.5</cx>
      <cy>78.5</cy>
      <w>32.449961479175904</w>
      <h>18.027756377319946</h>
      <angle>2.5619226118991962</angle>
    </robndbox>
  </object>
  <object>
    <type>robndbox</type>
    <name>lt2000</name>
    <pose>Unspecified</pose>
    <truncated>0</truncated>
    <difficult>0</difficult>
    <robndbox>
      <cx>71.0</cx>
      <cy>160.0</cy>
      <w>47.12748667179272</w>
      <h>23.08679276123039</h>
      <angle>2.8501670294975257</angle>
    </robndbox>
  </object>
</annotation>
