<annotation verified="no">
  <folder>pixeliinkimg</folder>
  <filename>REC-SAR-20241019-152223-focus1-offset1-count40448__256__1280___1024</filename>
  <path>/home/solid/my_tools/Rolabel&#33050;&#26412;/RoLabelImg_Transform-master/img/REC-SAR-20241019-152223-focus1-offset1-count40448__256__1280___1024.png</path>
  <source>
    <database>Unknown</database>
  </source>
  <size>
    <height>256</height>
    <width>256</width>
    <depth>1</depth>
  </size>
  <segmented>0</segmented>
  <object>
    <type>robndbox</type>
    <name>hms</name>
    <pose>Unspecified</pose>
    <truncated>0</truncated>
    <difficult>0</difficult>
    <robndbox>
      <cx>247.5</cx>
      <cy>86.0</cy>
      <w>18.439088914585774</w>
      <h>39.05124837953327</h>
      <angle>0.7086262721276703</angle>
    </robndbox>
  </object>
</annotation>
