<annotation verified="no">
  <folder>pixeliinkimg</folder>
  <filename>REC-SAR-20241019-215102_restore-focus1-offset215490-count38912__256__1280___1280</filename>
  <path>/home/solid/my_tools/Rolabel&#33050;&#26412;/RoLabelImg_Transform-master/img/REC-SAR-20241019-215102_restore-focus1-offset215490-count38912__256__1280___1280.png</path>
  <source>
    <database>Unknown</database>
  </source>
  <size>
    <height>256</height>
    <width>256</width>
    <depth>1</depth>
  </size>
  <segmented>0</segmented>
  <object>
    <type>robndbox</type>
    <name>lt2000</name>
    <pose>Unspecified</pose>
    <truncated>0</truncated>
    <difficult>0</difficult>
    <robndbox>
      <cx>57.5</cx>
      <cy>12.5</cy>
      <w>20.615528128088304</w>
      <h>55.54277630799526</h>
      <angle>0.3985224456664202</angle>
    </robndbox>
  </object>
  <object>
    <type>robndbox</type>
    <name>hms</name>
    <pose>Unspecified</pose>
    <truncated>0</truncated>
    <difficult>0</difficult>
    <robndbox>
      <cx>155.5</cx>
      <cy>31.5</cy>
      <w>18.110770276274835</w>
      <h>31.144823004794873</h>
      <angle>0.11065722117389563</angle>
    </robndbox>
  </object>
</annotation>
